[{"timestamp":"2022-05-01T19:53:08.840Z","id":1,"products":[{"id":2,"name":"SmartWatch","description":"descripdtion 2.0","code":"DFA4242","stock":4,"price":1300,"photo":"https://m.media-amazon.com/images/I/61OUIIXnPqL._AC_UX522_.jpg"}]},{"timestamp":"2022-05-01T20:21:22.474Z","id":2,"products":[{"id":2,"name":"SmartWatch","description":"descripdtion 2.0","code":"DFA4242","stock":4,"price":1300,"photo":"https://m.media-amazon.com/images/I/61OUIIXnPqL._AC_UX522_.jpg"},{"id":2,"name":"SmartWatch","description":"descripdtion 2.0","code":"DFA4242","stock":4,"price":1300,"photo":"https://m.media-amazon.com/images/I/61OUIIXnPqL._AC_UX522_.jpg"}]}]