[{"timestamp":"2022-04-28 12:33","name":"TV","description":"description 2.0","code":"DFA4242","stock":4,"price":1000,"photo":"https://images.samsung.com/is/image/samsung/co-hd-t4300-un32t4300akxzl-frontblack-237576094?$2160_1728_PNG$","id":1},{"timestamp":"2022-04-28 12:33","name":"SmartWatch","description":"descripdtion 2.0","code":"DFA4242","stock":4,"price":1300,"photo":"https://m.media-amazon.com/images/I/61OUIIXnPqL._AC_UX522_.jpg","id":2},{"name":"SmartTV","description":"just a tv","code":"15515fdsa","stock":"10","price":1500,"photo":"https://imgs.search.brave.com/ETto-Wsp98nVAeWk2RXiho1phJGZvekSa7IFC5u6e8w/rs:fit:1150:1150:1/g:ce/aHR0cHM6Ly9jZG4u/d2Vic2hvcGFwcC5j/b20vc2hvcHMvMjUw/Nzg4L2ZpbGVzLzMz/ODEwNjk2OC9oa2Mt/aGtjLTUwZjItNTAt/aW5jaC1mdWxsLWhk/LWxlZC10di5qcGc","id":3,"timestamp":"2022-05-01T14:55:30.600Z"},{"name":"SmartTV 2.0","description":"2.0","code":"jfdj88","stock":"2","price":"14000","photo":"https://imgs.search.brave.com/ETto-Wsp98nVAeWk2RXiho1phJGZvekSa7IFC5u6e8w/rs:fit:1150:1150:1/g:ce/aHR0cHM6Ly9jZG4u/d2Vic2hvcGFwcC5j/b20vc2hvcHMvMjUw/Nzg4L2ZpbGVzLzMz/ODEwNjk2OC9oa2Mt/aGtjLTUwZjItNTAt/aW5jaC1mdWxsLWhk/LWxlZC10di5qcGc","id":4,"timestamp":"2022-05-01T15:06:51.715Z"},{"name":"SmartTV","description":"just a tv","code":"fdsfds","stock":"44","price":"334","photo":"https://imgs.search.brave.com/ETto-Wsp98nVAeWk2RXiho1phJGZvekSa7IFC5u6e8w/rs:fit:1150:1150:1/g:ce/aHR0cHM6Ly9jZG4u/d2Vic2hvcGFwcC5j/b20vc2hvcHMvMjUw/Nzg4L2ZpbGVzLzMz/ODEwNjk2OC9oa2Mt/aGtjLTUwZjItNTAt/aW5jaC1mdWxsLWhk/LWxlZC10di5qcGc","id":5,"timestamp":"2022-05-01T15:07:14.201Z"},{"name":"SmartTV","description":"just a tv","code":"w42423","stock":"44","price":"44444","photo":"https://imgs.search.brave.com/ETto-Wsp98nVAeWk2RXiho1phJGZvekSa7IFC5u6e8w/rs:fit:1150:1150:1/g:ce/aHR0cHM6Ly9jZG4u/d2Vic2hvcGFwcC5j/b20vc2hvcHMvMjUw/Nzg4L2ZpbGVzLzMz/ODEwNjk2OC9oa2Mt/aGtjLTUwZjItNTAt/aW5jaC1mdWxsLWhk/LWxlZC10di5qcGc","id":6,"timestamp":"2022-05-01T15:09:04.715Z"},{"name":"StartTV 44","description":"fdsa","code":"4443","stock":"33","price":"34544","photo":"https://imgs.search.brave.com/ETto-Wsp98nVAeWk2RXiho1phJGZvekSa7IFC5u6e8w/rs:fit:1150:1150:1/g:ce/aHR0cHM6Ly9jZG4u/d2Vic2hvcGFwcC5j/b20vc2hvcHMvMjUw/Nzg4L2ZpbGVzLzMz/ODEwNjk2OC9oa2Mt/aGtjLTUwZjItNTAt/aW5jaC1mdWxsLWhk/LWxlZC10di5qcGc","id":7,"timestamp":"2022-05-01T15:16:34.619Z"}]